<nodeDefs>
<!-- === Weather Flow ===================================================  -->
    <nodeDef id="WF_Air" nodeType="139" nls="139A" >
		<sts>
			<st id="GV0" editor="I_LAST_UPDATE" />
			<st id="GV1" editor="I_TEMP_C" />
			<st id="GV2" editor="I_HUMIDITY" />
			<st id="GV3" editor="I_INHG" />
			<st id="GV4" editor="I_INTEGER" />
			<st id="GV5" editor="I_KM" />
			<st id="GV6" editor="I_TEMP_C" />
			<st id="GV7" editor="I_TEMP_C" />
			<st id="GV8" editor="I_TREND" />
			<st id="GV9" editor="I_VOLTS" />
		</sts>
		<cmds>
			<accepts>
				<cmd id="QUERY" />
			</accepts>
		</cmds>
	</nodeDef>

    <nodeDef id="WF_AirSI" nodeType="139" nls="139A" >
		<sts>
			<st id="GV0" editor="I_LAST_UPDATE" />
			<st id="GV1" editor="I_TEMP_F" />
			<st id="GV2" editor="I_HUMIDITY" />
			<st id="GV3" editor="I_INHG" />
			<st id="GV4" editor="I_INTEGER" />
			<st id="GV5" editor="I_MILES" />
			<st id="GV6" editor="I_TEMP_F" />
			<st id="GV7" editor="I_TEMP_F" />
			<st id="GV8" editor="I_TREND" />
			<st id="GV9" editor="I_VOLTS" />
		</sts>
		<cmds>
			<accepts>
				<cmd id="QUERY" />
			</accepts>
		</cmds>
	</nodeDef>

	<nodeDef id="WF_AirD" nodeType="139" nls="139AD" >
		<sts>
			<st id="GV0" editor="I_VOLTS" />
			<st id="GV1" editor="I_DAYS" />
			<st id="GV2" editor="I_SIGNAL" />
			<st id="GV3" editor="I_SENSOR_STATUS" />
			<st id="GV4" editor="I_SENSOR_TRIGGER" />
			<st id="GV5" editor="I_SENSOR_TRIGGER" />
			<st id="GV6" editor="I_SENSOR_STATUS" />
			<st id="GV7" editor="I_SENSOR_STATUS" />
			<st id="GV8" editor="I_SENSOR_STATUS" />
			<st id="GV9" editor="I_FIRMWARE" />
		</sts>
	</nodeDef>

    <nodeDef id="WF_Sky" nodeType="139" nls="139S" >
		<sts>
			<st id="GV8" editor="I_MMHR" />
			<st id="GV11" editor="I_RAINTYPE" />
			<st id="GV9" editor="I_MM" />
			<st id="GV1" editor="I_LUX" />
			<st id="GV2" editor="I_UV" />
			<st id="GV3" editor="I_RADIATION" />
			<st id="GV4" editor="I_KPH" />
			<st id="GV5" editor="I_KPH" />
			<st id="GV6" editor="I_KPH" />
			<st id="GV7" editor="I_DEGREE" />
			<st id="GV10" editor="I_VOLTS" />
			<st id="GV0" editor="I_LAST_UPDATE" />
		</sts>
		<cmds>
			<accepts>
				<cmd id="QUERY" />
			</accepts>
		</cmds>
	</nodeDef>

    <nodeDef id="WF_SkySI" nodeType="139" nls="139S" >
		<sts>
			<st id="GV8" editor="I_INHR" />
			<st id="GV11" editor="I_RAINTYPE" />
			<st id="GV9" editor="I_INCHES" />
			<st id="GV1" editor="I_LUX" />
			<st id="GV2" editor="I_UV" />
			<st id="GV3" editor="I_RADIATION" />
			<st id="GV4" editor="I_MPH" />
			<st id="GV5" editor="I_MPH" />
			<st id="GV6" editor="I_MPH" />
			<st id="GV7" editor="I_DEGREE" />
			<st id="GV10" editor="I_VOLTS" />
			<st id="GV0" editor="I_LAST_UPDATE" />
		</sts>
		<cmds>
			<accepts>
				<cmd id="QUERY" />
			</accepts>
		</cmds>
	</nodeDef>

	<nodeDef id="WF_SkyD" nodeType="139" nls="139SD" >
		<sts>
			<st id="GV0" editor="I_VOLTS" />
			<st id="GV1" editor="I_DAYS" />
			<st id="GV2" editor="I_SIGNAL" />
			<st id="GV3" editor="I_SENSOR_STATUS" />
			<st id="GV4" editor="I_SENSOR_STATUS" />
			<st id="GV5" editor="I_SENSOR_STATUS" />
			<st id="GV6" editor="I_FIRMWARE" />
		</sts>
	</nodeDef>

	<nodeDef id="WF_Hub" nodeType="139" nls="139H" >
		<sts>
			<st id="GV0" editor="I_FIRMWARE" />
			<st id="GV1" editor="I_LAST_UPDATE" />
			<st id="GV2" editor="I_DAYS" />
			<st id="GV3" editor="I_SIGNAL" />
			<st id="GV4" editor="I_INTEGER" />
		</sts>
	</nodeDef>

	<nodeDef id="WF_Lightning" nodeType="139" nls="139L" >
		<sts>
			<st id="GV0" editor="I_LAST_UPDATE" />
			<st id="GV1" editor="I_KM" />
			<st id="GV2" editor="I_ENERGY" />
		</sts>
	</nodeDef>

	<nodeDef id="WF_LightningSI" nodeType="139" nls="139L" >
		<sts>
			<st id="GV0" editor="I_LAST_UPDATE" />
			<st id="GV1" editor="I_MILES" />
			<st id="GV2" editor="I_ENERGY" />
		</sts>
	</nodeDef>
  
	<nodeDef id="WF_RapidWind" nodeType="139" nls="139R" >
		<sts>
			<st id="GV0" editor="I_WIND_DIRECTION" />
			<st id="GV1" editor="I_KPH" />
		</sts>
	</nodeDef>

	<nodeDef id="WF_RapidWindSI" nodeType="139" nls="139R" >
		<sts>
			<st id="GV0" editor="I_WIND_DIRECTION" />
			<st id="GV1" editor="I_MPH" />
		</sts>
	</nodeDef>


</nodeDefs>

